{
  "poseId": "HELLO_bake_23",
  "signName": "HELLO",
  "frameFraction": 1,
  "sourceGlb": "glb/HELLO_bake_source.glb",
  "avatarVersion": "ed9f8934",
  "generatorVersion": "extractBakedAnimation@1.0.0",
  "extractedAt": "2026-07-01T17:59:17.666Z",
  "notes": "Sampled from baked clip at t=1.0000s of [0.0333, 1.0000]s.",
  "bones": {
    "mixamorig:Hips": {
      "rotation": [
        -0.7071067690849304,
        0.00002979068085551262,
        0.00003226997796446085,
        0.7071067690849304
      ],
      "translation": [
        -6.757011155004593e-8,
        0.9979194995913861,
        6.18553362394005e-7
      ]
    },
    "mixamorig:Spine": {
      "rotation": [
        -0.0607302226126194,
        2.298368784181548e-8,
        0.000005870009772479534,
        0.9981542229652405
      ],
      "translation": [
        0.000859786057844758,
        9.9234619140625,
        -1.227334976196289
      ]
    },
    "mixamorig:Spine1": {
      "rotation": [
        0.0001961383386515081,
        3.0959679264697115e-12,
        -0.00000931616250454681,
        1
      ],
      "translation": [
        -1.4802026271354407e-9,
        11.7319917678833,
        0.0000012087518825865118
      ]
    },
    "mixamorig:Spine2": {
      "rotation": [
        0.057711727917194366,
        0.00000219582102545246,
        0.000003285132834207616,
        0.9983333349227905
      ],
      "translation": [
        6.184563972055912e-11,
        13.458846092224121,
        -0.000001398603785673913
      ]
    },
    "mixamorig:Neck": {
      "rotation": [
        0.0028276601806282997,
        1.7747322708649982e-12,
        -2.933720974485077e-11,
        0.9999960064888
      ],
      "translation": [
        0.000025480083422735333,
        15.027740478515625,
        0.8779073357582092
      ]
    },
    "mixamorig:Head": {
      "rotation": [
        -6.061823043523873e-9,
        1.4715556247504868e-13,
        1.4551004498541964e-11,
        1
      ],
      "translation": [
        0.0000025603467292967252,
        10.32183837890625,
        3.142428398132324
      ]
    },
    "mixamorig:HeadTop_End": {
      "rotation": [
        7.155734338404329e-17,
        -1.6872852941218763e-13,
        5.96988080071002e-16,
        1
      ],
      "translation": [
        0.00015451665967702866,
        18.474685668945312,
        6.636399745941162
      ]
    },
    "mixamorig:LeftShoulder": {
      "rotation": [
        0.45386916399002075,
        0.5448208451271057,
        -0.551166832447052,
        0.4397593140602112
      ],
      "translation": [
        6.1058244705200195,
        9.106266021728516,
        0.757062554359436
      ]
    },
    "mixamorig:LeftArm": {
      "rotation": [
        0.5431820750236511,
        0.3383883535861969,
        0.3372647762298584,
        0.6904339790344238
      ],
      "translation": [
        -1.7881393432617188e-7,
        12.922287940979004,
        -0.000011057494702981785
      ]
    },
    "mixamorig:LeftForeArm": {
      "rotation": [
        5.861147656105459e-7,
        -6.05283929644429e-8,
        -7.946762359267723e-9,
        1
      ],
      "translation": [
        0.000014453571566264145,
        27.404674530029297,
        0.000007241264029289596
      ]
    },
    "mixamorig:LeftHand": {
      "rotation": [
        7.606831786688417e-7,
        1.205067405862792e-7,
        4.7392397561907273e-8,
        1
      ],
      "translation": [
        3.8798862078692764e-7,
        27.614459991455078,
        0.00001670129131525755
      ]
    },
    "mixamorig:LeftHandThumb1": {
      "rotation": [
        0.2518942654132843,
        -0.05946440249681473,
        0.22192370891571045,
        0.9400867819786072
      ],
      "translation": [
        -3.002971887588501,
        3.788806200027466,
        2.1671462059020996
      ]
    },
    "mixamorig:LeftHandThumb2": {
      "rotation": [
        4.1738624645404343e-7,
        2.815727384586353e-7,
        -5.26175867321399e-8,
        1
      ],
      "translation": [
        0.000005245208740234375,
        4.744985103607178,
        -0.00000352916185875074
      ]
    },
    "mixamorig:LeftHandThumb3": {
      "rotation": [
        7.503772394557018e-7,
        -4.2639571873337445e-9,
        -1.8766149878501892e-7,
        1
      ],
      "translation": [
        -0.000006377696990966797,
        4.382112979888916,
        -0.0000055982031881285366
      ]
    },
    "mixamorig:LeftHandThumb4": {
      "rotation": [
        0.009146260097622871,
        0.12563757598400116,
        0.07207266986370087,
        0.9894125461578369
      ],
      "translation": [
        -0.000005602836608886719,
        3.459083318710327,
        -0.0000012989821698283777
      ]
    },
    "mixamorig:LeftHandIndex1": {
      "rotation": [
        -1.5756459958993219e-7,
        1.2181358499674388e-7,
        -2.2919576281310583e-7,
        1
      ],
      "translation": [
        -2.8220367431640625,
        12.266616821289062,
        0.23181916773319244
      ]
    },
    "mixamorig:LeftHandIndex2": {
      "rotation": [
        -0.0000016756969216658035,
        -2.094444440103871e-8,
        -1.6298565697070444e-7,
        1
      ],
      "translation": [
        -3.070545062655583e-7,
        3.8919713497161865,
        0.000005038134531787364
      ]
    },
    "mixamorig:LeftHandIndex3": {
      "rotation": [
        -2.8125199946771318e-8,
        6.2009917201066855e-9,
        1.135360321313783e-7,
        1
      ],
      "translation": [
        2.9314833227545023e-8,
        3.415163278579712,
        0.00001015485031530261
      ]
    },
    "mixamorig:LeftHandIndex4": {
      "rotation": [
        0.0000023961331407917896,
        0.004001534078270197,
        0.000022706186427967623,
        0.9999920129776001
      ],
      "translation": [
        6.795653462177143e-7,
        3.0779948234558105,
        -0.000001653235358389793
      ]
    },
    "mixamorig:LeftHandMiddle1": {
      "rotation": [
        -0.000001487420263401873,
        1.0537138450672501e-7,
        3.742906642401067e-7,
        1
      ],
      "translation": [
        -0.000011682053809636272,
        12.775525093078613,
        -0.000008450685527350288
      ]
    },
    "mixamorig:LeftHandMiddle2": {
      "rotation": [
        2.850938471965492e-7,
        -5.15421945124217e-8,
        -1.1161225188516255e-7,
        1
      ],
      "translation": [
        1.527432686998509e-7,
        3.613964796066284,
        -0.000001692819751042407
      ]
    },
    "mixamorig:LeftHandMiddle3": {
      "rotation": [
        5.685251380782574e-7,
        8.807377582797926e-8,
        -5.0588773170545664e-9,
        1
      ],
      "translation": [
        0.000029183822334744036,
        3.4597623348236084,
        0.0000027849446269101463
      ]
    },
    "mixamorig:LeftHandMiddle4": {
      "rotation": [
        -0.0000011488043583085528,
        0.0045793987810611725,
        -0.0006541360053233802,
        0.9999893307685852
      ],
      "translation": [
        -0.0000309483875753358,
        3.6801955699920654,
        0.0000030879095902491827
      ]
    },
    "mixamorig:LeftHandRing1": {
      "rotation": [
        -0.0000015871831919866963,
        1.85575657951631e-7,
        4.564020059660834e-7,
        1
      ],
      "translation": [
        2.2166380882263184,
        12.147008895874023,
        -0.009998069144785404
      ]
    },
    "mixamorig:LeftHandRing2": {
      "rotation": [
        8.861461537890136e-7,
        -1.723978293455275e-8,
        -1.2051074804730888e-7,
        1
      ],
      "translation": [
        4.4488660932984203e-7,
        3.6011855602264404,
        0.000015789408280397765
      ]
    },
    "mixamorig:LeftHandRing3": {
      "rotation": [
        3.685847218548588e-7,
        2.649404677868006e-7,
        7.659962619754879e-8,
        1
      ],