{
  "poseId": "HELLO_bake_00",
  "signName": "HELLO",
  "frameFraction": 0,
  "sourceGlb": "glb/HELLO_bake_source.glb",
  "avatarVersion": "ed9f8934",
  "generatorVersion": "extractBakedAnimation@1.0.0",
  "extractedAt": "2026-07-01T17:59:17.647Z",
  "notes": "Sampled from baked clip at t=0.0333s of [0.0333, 1.0000]s.",
  "bones": {
    "mixamorig:Hips": {
      "rotation": [
        -0.7094054222106934,
        0.022273536771535873,
        -0.0005121013964526355,
        0.704448401927948
      ],
      "translation": [
        -6.757011155004593e-8,
        0.9979194995913861,
        6.18553362394005e-7
      ]
    },
    "mixamorig:Spine": {
      "rotation": [
        -0.0607302188873291,
        2.2138614497180242e-8,
        0.000005869818323844811,
        0.9981542229652405
      ],
      "translation": [
        0.000859786057844758,
        9.9234619140625,
        -1.227334976196289
      ]
    },
    "mixamorig:Spine1": {
      "rotation": [
        0.00019614773918874562,
        -1.241293179354841e-9,
        -0.00000931674730964005,
        1
      ],
      "translation": [
        -1.4802026271354407e-9,
        11.7319917678833,
        0.0000012087518825865118
      ]
    },
    "mixamorig:Spine2": {
      "rotation": [
        0.057711731642484665,
        0.0000021943042156635784,
        0.0000032845348414412,
        0.9983333349227905
      ],
      "translation": [
        6.184563972055912e-11,
        13.458846092224121,
        -0.000001398603785673913
      ]
    },
    "mixamorig:Neck": {
      "rotation": [
        0.002827660646289587,
        -7.794783152270668e-10,
        -3.334993670112141e-10,
        0.9999960064888
      ],
      "translation": [
        0.000025480083422735333,
        15.027740478515625,
        0.8779073357582092
      ]
    },
    "mixamorig:Head": {
      "rotation": [
        -6.014460929293364e-9,
        1.6024062632347125e-10,
        1.8189841299864895e-10,
        1
      ],
      "translation": [
        0.0000025603467292967252,
        10.32183837890625,
        3.142428398132324
      ]
    },
    "mixamorig:HeadTop_End": {
      "rotation": [
        5.8207640096785696e-11,
        -7.714340832798428e-10,
        1.6371003164206144e-10,
        1
      ],
      "translation": [
        0.00015451665967702866,
        18.474685668945312,
        6.636399745941162
      ]
    },
    "mixamorig:LeftShoulder": {
      "rotation": [
        0.45386916399002075,
        0.5448208451271057,
        -0.551166832447052,
        0.4397593140602112
      ],
      "translation": [
        6.1058244705200195,
        9.106266021728516,
        0.757062554359436
      ]
    },
    "mixamorig:LeftArm": {
      "rotation": [
        0.5431820154190063,
        0.33838820457458496,
        0.3372648060321808,
        0.6904340386390686
      ],
      "translation": [
        -1.7881393432617188e-7,
        12.922287940979004,
        -0.000011057494702981785
      ]
    },
    "mixamorig:LeftForeArm": {
      "rotation": [
        5.907713784836233e-7,
        -7.519672351463669e-8,
        -1.1672061539513834e-8,
        1
      ],
      "translation": [
        0.000014453571566264145,
        27.404674530029297,
        0.000007241264029289596
      ]
    },
    "mixamorig:LeftHand": {
      "rotation": [
        7.653397915419191e-7,
        1.1864413096418502e-7,
        6.322490264665248e-8,
        1
      ],
      "translation": [
        3.8798862078692764e-7,
        27.614459991455078,
        0.00001670129131525755
      ]
    },
    "mixamorig:LeftHandThumb1": {
      "rotation": [
        0.2518942356109619,
        -0.05946439132094383,
        0.22192370891571045,
        0.9400867819786072
      ],
      "translation": [
        -3.002971887588501,
        3.788806200027466,
        2.1671462059020996
      ]
    },
    "mixamorig:LeftHandThumb2": {
      "rotation": [
        4.285616626020783e-7,
        2.75984774589233e-7,
        -4.749541204773777e-8,
        1
      ],
      "translation": [
        0.000005245208740234375,
        4.744985103607178,
        -0.00000352916185875074
      ]
    },
    "mixamorig:LeftHandThumb3": {
      "rotation": [
        7.364074008364696e-7,
        1.0637204894692331e-8,
        -1.909211277961731e-7,
        1
      ],
      "translation": [
        -0.000006377696990966797,
        4.382112979888916,
        -0.0000055982031881285366
      ]
    },
    "mixamorig:LeftHandThumb4": {
      "rotation": [
        0.009146235883235931,
        0.12563754618167877,
        0.07207266241312027,
        0.9894125461578369
      ],
      "translation": [
        -0.000005602836608886719,
        3.459083318710327,
        -0.0000012989821698283777
      ]
    },
    "mixamorig:LeftHandIndex1": {
      "rotation": [
        -1.6222131193899259e-7,
        1.0877505474127247e-7,
        -2.3850901698097005e-7,
        1
      ],
      "translation": [
        -2.8220367431640625,
        12.266616821289062,
        0.23181916773319244
      ]
    },
    "mixamorig:LeftHandIndex2": {
      "rotation": [
        -0.0000016710403087927261,
        -2.909355956148829e-8,
        -1.6298611171805533e-7,
        1
      ],
      "translation": [
        -3.070545062655583e-7,
        3.8919713497161865,
        0.000005038134531787364
      ]
    },
    "mixamorig:LeftHandIndex3": {
      "rotation": [
        -2.719387737215584e-8,
        -1.7780562799885047e-8,
        1.1353604634223302e-7,
        1
      ],
      "translation": [
        2.9314833227545023e-8,
        3.415163278579712,
        0.00001015485031530261
      ]
    },
    "mixamorig:LeftHandIndex4": {
      "rotation": [
        0.0000023924262677610386,
        0.004001541994512081,
        0.00002271085759275593,
        0.9999920129776001
      ],
      "translation": [
        6.795653462177143e-7,
        3.0779948234558105,
        -0.000001653235358389793
      ]
    },
    "mixamorig:LeftHandMiddle1": {
      "rotation": [
        -0.000001493939635111019,
        9.303136039306992e-8,
        3.6870281405754213e-7,
        1
      ],
      "translation": [
        -0.000011682053809636272,
        12.775525093078613,
        -0.000008450685527350288
      ]
    },
    "mixamorig:LeftHandMiddle2": {
      "rotation": [
        2.9533839551731944e-7,
        -4.9679549363190745e-8,
        -1.1626887896909466e-7,
        1
      ],
      "translation": [
        1.527432686998509e-7,
        3.613964796066284,
        -0.000001692819751042407
      ]
    },
    "mixamorig:LeftHandMiddle3": {
      "rotation": [
        5.713191058021039e-7,
        1.1973872915405082e-7,
        -1.250943970632079e-8,
        1
      ],
      "translation": [
        0.000029183822334744036,
        3.4597623348236084,
        0.0000027849446269101463
      ]
    },
    "mixamorig:LeftHandMiddle4": {
      "rotation": [
        -0.0000011478459782665595,
        0.004579414147883654,
        -0.0006541322800330818,
        0.9999893307685852
      ],
      "translation": [
        -0.0000309483875753358,
        3.6801955699920654,
        0.0000030879095902491827
      ]
    },
    "mixamorig:LeftHandRing1": {
      "rotation": [
        -0.0000015881146282481495,
        1.6927751289586013e-7,
        4.554706833914679e-7,
        1
      ],
      "translation": [
        2.2166380882263184,
        12.147008895874023,
        -0.009998069144785404
      ]
    },
    "mixamorig:LeftHandRing2": {
      "rotation": [
        8.786954595052521e-7,
        -3.609900645074049e-8,
        -1.2144204220021493e-7,
        1
      ],
      "translation": [
        4.4488660932984203e-7,
        3.6011855602264404,
        0.000015789408280397765
      ]
    },
    "mixamorig:LeftHandRing3": {
      "rotation": [
        3.7510397987716715e-7,
        2.526004436731455e-7,
        8.311887711442978e-8,
        1
      ],